1,スッキリわかるJava入門,中山 清喬
国本 大悟,本書ではJavaでドラクエ風RPGの制作することをテーマとすることで、
読者に楽しそうなイメージを持ってもらい、途中で挫折せずにJavaを学べるよう配慮すると共に、肝心のオブジェクト指向についてもRPG風のイラストを多用して直感的に分かりやすく理解できるよう工夫しました。,インプレス,技術書,Javasukkiri.png,TRUE,TRUE,,
2,独習Java 新版,山田 祥寛,標準教科書”が完全書き下ろしで11年ぶり新登場！
Javaプログラミングに必要な知識・概念・機能を体系的かつ網羅的に習得！,翔泳社,技術書,dokusyuJava.jpg,TRUE,TRUE,,
3,Spring徹底入門,株式会社NTTデータ,Spring Frameworkの基礎から開発時の指針まで！
定番OSSフレームワークによるJavaシステム開発の入門書！,翔泳社,技術書,springbootettei.jpg,TRUE,TRUE,,
4,Spring Boot 2 入門,原田 けいと
竹田 甘地
Robert Segawa,本書は、Spring Boot 2.7（+ 3.0 両対応）の入門書です。
Spring Bootアプリケーションをいくつか作成しながら、主要な機能について解説しています。ご興味がありましたら、是非一読ください。,Independently published,技術書,springboot2nyumon.jpg,TRUE,TRUE,,
5,徹底攻略Java SE 11 Silver問題集
[1Z0-815]対応,志賀 澄人,オラクル社の資格試験「Oracle Certified Java Programmer Silver SE 11 認定資格(試験番号: 1Z0-815-JPN)に完全対応!
新しい試験範囲を完全に網羅。教科書テキストがなくても、この問題集1冊でとても丁寧に解説しているので、ラムダ式やモジュールについてもすんなりと理解できます。,インプレス,技術書,javasilverse11.jpg,TRUE,TRUE